{
  "total_episodes": 50,
  "total_reward": {
    "mean": 12.599999999999998,
    "std": 10.467728183962999,
    "min": 0.0,
    "max": 30.33333333333333,
    "trend": 0.6175270108043216
  },
  "success_rate": 1.0,
  "components": {
    "best_practices": {
      "mean": 0.0,
      "std": 0.0,
      "min": 0.0,
      "max": 0.0,
      "last_10_mean": 0.0,
      "trend": 0.0
    },
    "core": {
      "mean": 4.8999999999999995,
      "std": 0.6236095644623235,
      "min": 4.7333333333333325,
      "max": 7.2333333333333325,
      "last_10_mean": 4.9833333333333325,
      "trend": 0.014460511679644048
    },
    "description_quality": {
      "mean": 0.3085714285714286,
      "std": 0.2519475164005555,
      "min": 0.0,
      "max": 0.5142857142857143,
      "last_10_mean": 0.5142857142857143,
      "trend": 0.014817355513634027
    },
    "efficiency": {
      "mean": 1.0,
      "std": 0.0,
      "min": 1.0,
      "max": 1.0,
      "last_10_mean": 1.0,
      "trend": 0.0
    },
    "gate_failed": {
      "mean": 1.0,
      "std": 0.0,
      "min": 1.0,
      "max": 1.0,
      "last_10_mean": 1.0,
      "trend": 0.0
    },
    "gated": {
      "mean": 1.0,
      "std": 0.0,
      "min": 1.0,
      "max": 1.0,
      "last_10_mean": 1.0,
      "trend": 0.0
    },
    "has_required_fields": {
      "mean": 0.34285714285714286,
      "std": 0.27994168488950605,
      "min": 0.0,
      "max": 0.5714285714285714,
      "last_10_mean": 0.5714285714285714,
      "trend": 0.01646372834848225
    },
    "model_appropriateness": {
      "mean": 0.7999999999999999,
      "std": 3.3306690738754695e-17,
      "min": 0.7999999999999999,
      "max": 0.8,
      "last_10_mean": 0.7999999999999999,
      "trend": -7.730244349130742e-19
    },
    "model_valid": {
      "mean": 1.0,
      "std": 0.0,
      "min": 1.0,
      "max": 1.0,
      "last_10_mean": 1.0,
      "trend": 0.0
    },
    "novelty_bonus": {
      "mean": 0.1,
      "std": 0.0,
      "min": 0.1,
      "max": 0.1,
      "last_10_mean": 0.1,
      "trend": 0.0
    },
    "progress": {
      "mean": 0.25,
      "std": 0.0,
      "min": 0.25,
      "max": 0.25,
      "last_10_mean": 0.25,
      "trend": 0.0
    },
    "prompt_length_ok": {
      "mean": 0.34285714285714286,
      "std": 0.27994168488950605,
      "min": 0.0,
      "max": 0.5714285714285714,
      "last_10_mean": 0.5714285714285714,
      "trend": 0.01646372834848225
    },
    "regression_penalty": {
      "mean": 0.0,
      "std": 0.0,
      "min": 0.0,
      "max": 0.0,
      "last_10_mean": 0.0,
      "trend": 0.0
    },
    "skill_selection": {
      "mean": 0.02857142857142857,
      "std": 0.13997084244475302,
      "min": 0.0,
      "max": 0.7142857142857143,
      "last_10_mean": 0.07142857142857142,
      "trend": 0.002263762647916309
    },
    "skills_format_ok": {
      "mean": 1.0,
      "std": 0.0,
      "min": 1.0,
      "max": 1.0,
      "last_10_mean": 1.0,
      "trend": 0.0
    },
    "soft_violation_penalty": {
      "mean": 0.0,
      "std": 0.0,
      "min": 0.0,
      "max": 0.0,
      "last_10_mean": 0.0,
      "trend": 0.0
    },
    "total": {
      "mean": 1.7999999999999996,
      "std": 1.4953897405661427,
      "min": 0.0,
      "max": 4.333333333333333,
      "last_10_mean": 3.047619047619047,
      "trend": 0.08821814440061737
    },
    "workflow_clarity": {
      "mean": 0.22857142857142856,
      "std": 0.18662778992633736,
      "min": 0.0,
      "max": 0.38095238095238093,
      "last_10_mean": 0.38095238095238093,
      "trend": 0.010975818898988165
    },
    "yaml_valid": {
      "mean": 1.0,
      "std": 0.0,
      "min": 1.0,
      "max": 1.0,
      "last_10_mean": 1.0,
      "trend": 0.0
    }
  }
}