{
  "total_episodes": 50,
  "total_reward": {
    "mean": 9.869333333333332,
    "std": 9.636024629828768,
    "min": 0.0,
    "max": 30.33333333333333,
    "trend": 0.36040656262505
  },
  "success_rate": 0.8,
  "components": {
    "best_practices": {
      "mean": 0.0,
      "std": 0.0,
      "min": 0.0,
      "max": 0.0,
      "last_10_mean": 0.0,
      "trend": 0.0
    },
    "core": {
      "mean": 4.270238095238095,
      "std": 1.0376384698459804,
      "min": 2.8000000000000003,
      "max": 7.2333333333333325,
      "last_10_mean": 3.4366666666666665,
      "trend": -0.07713008575077536
    },
    "description_quality": {
      "mean": 0.256,
      "std": 0.2300104700367586,
      "min": 0.0,
      "max": 0.5142857142857143,
      "last_10_mean": 0.25142857142857145,
      "trend": 0.009765734865374723
    },
    "efficiency": {
      "mean": 1.0,
      "std": 0.0,
      "min": 1.0,
      "max": 1.0,
      "last_10_mean": 1.0,
      "trend": 0.0
    },
    "gate_failed": {
      "mean": 1.0,
      "std": 0.0,
      "min": 1.0,
      "max": 1.0,
      "last_10_mean": 1.0,
      "trend": 0.0
    },
    "gated": {
      "mean": 1.0,
      "std": 0.0,
      "min": 1.0,
      "max": 1.0,
      "last_10_mean": 1.0,
      "trend": 0.0
    },
    "has_required_fields": {
      "mean": 0.3314285714285714,
      "std": 0.27171413549642837,
      "min": 0.0,
      "max": 0.5714285714285714,
      "last_10_mean": 0.5142857142857142,
      "trend": 0.015338706911335964
    },
    "model_appropriateness": {
      "mean": 0.7999999999999999,
      "std": 3.3306690738754695e-17,
      "min": 0.7999999999999999,
      "max": 0.8,
      "last_10_mean": 0.7999999999999999,
      "trend": -7.730244349130742e-19
    },
    "model_valid": {
      "mean": 1.0,
      "std": 0.0,
      "min": 1.0,
      "max": 1.0,
      "last_10_mean": 1.0,
      "trend": 0.0
    },
    "novelty_bonus": {
      "mean": 0.1,
      "std": 6.269345479601252e-18,
      "min": 0.1,
      "max": 0.10000000000000002,
      "last_10_mean": 0.10000000000000002,
      "trend": 6.076754376711311e-19
    },
    "progress": {
      "mean": 0.2642857142857143,
      "std": 0.022587697572631276,
      "min": 0.25,
      "max": 0.3,
      "last_10_mean": 0.29,
      "trend": 0.002189381499726327
    },
    "prompt_length_ok": {
      "mean": 0.30857142857142855,
      "std": 0.27458317203963345,
      "min": 0.0,
      "max": 0.5714285714285714,
      "last_10_mean": 0.4,
      "trend": 0.013363059509518093
    },
    "regression_penalty": {
      "mean": 0.0,
      "std": 0.0,
      "min": 0.0,
      "max": 0.0,
      "last_10_mean": 0.0,
      "trend": 0.0
    },
    "skill_selection": {
      "mean": 0.014285714285714285,
      "std": 0.1,
      "min": 0.0,
      "max": 0.7142857142857143,
      "last_10_mean": 0.0,
      "trend": 0.0009946835877208027
    },
    "skills_format_ok": {
      "mean": 1.0,
      "std": 0.0,
      "min": 1.0,
      "max": 1.0,
      "last_10_mean": 1.0,
      "trend": 0.0
    },
    "soft_violation_penalty": {
      "mean": 0.0,
      "std": 0.0,
      "min": 0.0,
      "max": 0.0,
      "last_10_mean": 0.0,
      "trend": 0.0
    },
    "total": {
      "mean": 1.4464761904761902,
      "std": 1.378102333216342,
      "min": 0.0,
      "max": 4.333333333333333,
      "last_10_mean": 1.2800000000000002,
      "trend": 0.0550867204024467
    },
    "workflow_clarity": {
      "mean": 0.15238095238095237,
      "std": 0.18662778992633736,
      "min": 0.0,
      "max": 0.38095238095238093,
      "last_10_mean": 0.0,
      "trend": 0.003658606299662722
    },
    "yaml_valid": {
      "mean": 1.0,
      "std": 0.0,
      "min": 1.0,
      "max": 1.0,
      "last_10_mean": 1.0,
      "trend": 0.0
    }
  }
}