{
  "total_episodes": 50,
  "total_reward": {
    "mean": 2.5581525338076356,
    "std": 1.2423496777051124,
    "min": 0.6169664306032375,
    "max": 4.634927620131163,
    "trend": 0.07451354348000323
  },
  "success_rate": 1.0,
  "components": {
    "skill_selection": {
      "mean": 0.75,
      "std": 0.15,
      "min": 0.2,
      "max": 0.95,
      "last_10_mean": 0.82,
      "trend": 0.012
    },
    "description_quality": {
      "mean": 0.68,
      "std": 0.18,
      "min": 0.1,
      "max": 0.92,
      "last_10_mean": 0.75,
      "trend": 0.008
    },
    "workflow_clarity": {
      "mean": 0.62,
      "std": 0.2,
      "min": 0.0,
      "max": 0.88,
      "last_10_mean": 0.7,
      "trend": 0.015
    },
    "model_appropriateness": {
      "mean": 0.45,
      "std": 0.22,
      "min": -0.1,
      "max": 0.8,
      "last_10_mean": 0.58,
      "trend": 0.006
    },
    "best_practices": {
      "mean": 0.38,
      "std": 0.25,
      "min": -0.2,
      "max": 0.75,
      "last_10_mean": 0.52,
      "trend": 0.004
    }
  },
  "episode_rewards": [
    0.6847491122229894,
    0.7277350865305888,
    1.105170074528315,
    0.8348839401239174,
    0.9429679245147591,
    1.1743860624168518,
    0.8256452926848388,
    0.6169664306032375,
    1.0997079687865927,
    1.5262621367653513,
    1.45501147518963,
    1.452928587676592,
    1.5676046435296471,
    1.925332926857568,
    1.5076524625196084,
    0.8620417140450702,
    1.641650798654503,
    1.6690146936678327,
    1.9920006475210796,
    2.450497627465262,
    2.6841039597768725,
    2.0003729110774113,
    1.8211714536941084,
    2.5745511257155322,
    2.684415483001321,
    4.026322193202797,
    2.1235112239298966,
    2.588065480187843,
    2.6613040856191947,
    2.4256765058710084,
    2.870328211827221,
    2.9424595459104386,
    3.286082538692538,
    2.8715962118771143,
    3.458706709763265,
    3.0536306000570304,
    3.7065645691090543,
    3.5440631132818408,
    3.8244472046587568,
    3.94541867082025,
    4.266697029394936,
    4.472899820074389,
    3.7739010367101447,
    4.170023217075867,
    4.634927620131163,
    4.224340806705982,
    4.223439365133673,
    4.15680122956269,
    4.419168874992054,
    4.410426286223151
  ],
  "success_rates": [
    0.0,
    0.0,
    0.0,
    0.0,
    0.0,
    0.0,
    0.0,
    0.0,
    0.0,
    0.0,
    0.0,
    0.0,
    0.0,
    0.0,
    0.0,
    0.0,
    0.0,
    0.0,
    0.0,
    0.1,
    0.2,
    0.3,
    0.3,
    0.4,
    0.5,
    0.6,
    0.7,
    0.8,
    0.9,
    0.9,
    0.9,
    0.9,
    1.0,
    1.0,
    1.0,
    1.0,
    1.0,
    1.0,
    1.0,
    1.0,
    1.0,
    1.0,
    1.0,
    1.0,
    1.0,
    1.0,
    1.0,
    1.0,
    1.0,
    1.0
  ],
  "status": "demo_data",
  "message": "Realistic demo results for hackathon presentation"
}